t,qx,qy,qz,qw
0.00,0.10330297,-0.19017434,0.08789537,0.97233565
0.02,0.10028717,-0.19498184,0.09416598,0.97111139
0.04,0.09783157,-0.19854382,0.09914817,0.97014379
0.06,0.09408918,-0.20340997,0.10658782,0.96871598
0.08,0.09092824,-0.20703525,0.11275869,0.96755048
0.10,0.08774470,-0.21027955,0.11889956,0.96640896
0.12,0.08390391,-0.21371724,0.12623471,0.96506470
0.14,0.08068583,-0.21629372,0.13233178,0.96394768
0.16,0.07810328,-0.21818545,0.13720126,0.96305286
0.18,0.07487237,-0.22033154,0.14327737,0.96193541
0.20,0.07229074,-0.22186984,0.14813040,0.96104381
0.22,0.06907618,-0.22356394,0.15418583,0.95993457
0.23,0.06651708,-0.22473875,0.15902950,0.95905036
0.25,0.06334037,-0.22599302,0.16507605,0.95794835
0.28,0.05956935,-0.22719646,0.17231740,0.95662949
0.30,0.05585524,-0.22807910,0.17954091,0.95531418
0.32,0.05341817,-0.22849497,0.18434639,0.95443855
0.34,0.05042246,-0.22882677,0.19034027,0.95334488
0.36,0.04690127,-0.22896131,0.19752763,0.95202932
0.38,0.04459865,-0.22890507,0.20231679,0.95114739
0.40,0.04122212,-0.22860977,0.20948438,0.94981820
0.42,0.03847372,-0.22820010,0.21544334,0.94869840
0.45,0.03469408,-0.22754354,0.22374580,0.94707871
0.47,0.03153828,-0.22694704,0.23072330,0.94565699
0.49,0.02894827,-0.22639581,0.23654174,0.94443366
0.51,0.02690640,-0.22590660,0.24119131,0.94343468
0.52,0.02488985,-0.22536809,0.24583750,0.94241904
0.55,0.02190923,-0.22446004,0.25280901,0.94086411
0.57,0.01946119,-0.22360724,0.25862616,0.93953902
0.58,0.01751979,-0.22285137,0.26330091,0.93845775
0.60,0.01558049,-0.22201601,0.26804078,0.93734747
0.62,0.01364714,-0.22111287,0.27280918,0.93621472
0.63,0.01172645,-0.22014348,0.27758161,0.93506566
0.65,0.00981525,-0.21910863,0.28235849,0.93389976
0.67,0.00742512,-0.21771755,0.28837900,0.93240629
0.69,0.00456466,-0.21591672,0.29561381,0.93057595
0.71,0.00219094,-0.21430616,0.30163212,0.92902429
0.73,-0.00018561,-0.21258662,0.30765606,0.92744522
0.75,-0.00257345,-0.21076072,0.31368921,0.92583604
0.77,-0.00496207,-0.20884498,0.31970559,0.92420100
0.79,-0.00735760,-0.20685051,0.32570420,0.92253754
0.81,-0.00978984,-0.20484158,0.33168388,0.92083109
0.84,-0.01278215,-0.20246482,0.33883639,0.91871351
0.86,-0.01533056,-0.20049841,0.34477423,0.91689481
0.88,-0.01843187,-0.19814919,0.35181679,0.91467050
0.90,-0.02053183,-0.19656224,0.35649709,0.91315472
0.91,-0.02265861,-0.19495087,0.36117252,0.91161130
0.93,-0.02535484,-0.19289563,0.36701172,0.90964323
0.95,-0.02753881,-0.19121509,0.37166449,0.90804400
0.97,-0.03086675,-0.18860798,0.37865191,0.90559208
1.00,-0.03427711,-0.18588184,0.38570489,0.90305302
1.02,-0.03716405,-0.18352196,0.39157060,0.90089455
1.04,-0.04009216,-0.18106964,0.39743435,0.89869480
1.05,-0.04246503,-0.17903092,0.40213709,0.89690045
1.07,-0.04546399,-0.17637882,0.40802350,0.89461744
1.09,-0.04849139,-0.17360706,0.41389998,0.89229815
1.12,-0.05219741,-0.17008127,0.42103822,0.88942375
1.13,-0.05470597,-0.16762440,0.42583092,0.88745554
1.15,-0.05790631,-0.16449502,0.43183888,0.88493132
1.17,-0.06118209,-0.16131230,0.43786134,0.88233358
1.19,-0.06451810,-0.15806534,0.44389079,0.87966683
1.21,-0.06789358,-0.15474215,0.44991800,0.87693736
1.24,-0.07198911,-0.15061911,0.45719369,0.87355903
1.25,-0.07473035,-0.14778557,0.46205378,0.87125260
1.27,-0.07814998,-0.14415096,0.46812031,0.86831818
1.29,-0.08087310,-0.14116220,0.47297101,0.86592794
1.31,-0.08425114,-0.13732678,0.47902776,0.86288789
1.34,-0.08890495,-0.13177687,0.48748166,0.85854085
1.36,-0.09216048,-0.12768485,0.49350439,0.85536918
1.38,-0.09597711,-0.12263575,0.50071487,0.85148898
1.40,-0.09968854,-0.11744984,0.50790617,0.84752525
1.42,-0.10269742,-0.11303568,0.51387233,0.84416314
1.44,-0.10507071,-0.10948803,0.51859763,0.84144460
1.46,-0.10802712,-0.10504944,0.52448609,0.83797918
1.48,-0.11096421,-0.10058098,0.53036759,0.83443432
1.50,-0.11388050,-0.09605131,0.53626935,0.83079514
1.52,-0.11618177,-0.09238849,0.54098332,0.82783042
1.54,-0.11957363,-0.08681575,0.54805486,0.82328673
1.56,-0.12234096,-0.08209885,0.55395360,0.81940702
1.58,-0.12451452,-0.07827633,0.55868989,0.81623193
1.60,-0.12716669,-0.07344115,0.56460851,0.81218979
1.61,-0.12924200,-0.06952025,0.56937387,0.80887381
1.63,-0.13126688,-0.06556339,0.57413710,0.80550421
1.65,-0.13420565,-0.05956187,0.58127459,0.80035060
1.67,-0.13609273,-0.05551448,0.58602835,0.79684859
1.68,-0.13791825,-0.05142854,0.59077787,0.79329388
1.71,-0.14053130,-0.04522231,0.59790000,0.78785880
1.73,-0.14259222,-0.03997236,0.60384059,0.78322807
1.75,-0.14455907,-0.03462952,0.60982640,0.77846980
1.77,-0.14679915,-0.02817055,0.61698890,0.77264553
1.79,-0.14826427,-0.02388278,0.62172828,0.76870103
1.81,-0.15006189,-0.01853524,0.62762864,0.76368853
1.83,-0.15180731,-0.01319488,0.63350302,0.75858708
1.84,-0.15315567,-0.00892493,0.63818262,0.75444459
1.86,-0.15479788,-0.00353892,0.64410719,0.74910014
1.88,-0.15637242,0.00187652,0.65007216,0.74360630
1.90,-0.15756856,0.00620382,0.65482587,0.73914595
1.92,-0.15898392,0.01160294,0.66074811,0.73348580
1.94,-0.16031301,0.01697878,0.66664293,0.72773530
1.96,-0.16131080,0.02124989,0.67133197,0.72307721
1.97,-0.16224807,0.02548826,0.67599307,0.71837266
1.99,-0.16334943,0.03077647,0.68183450,0.71237034
2.01,-0.16435579,0.03597856,0.68758166,0.70634565
2.03,-0.16509919,0.04008382,0.69214898,0.70147368
2.05,-0.16611606,0.04613528,0.69895005,0.69407912
2.07,-0.16673359,0.05008529,0.70344562,0.68909769
2.09,-0.16744176,0.05491324,0.70901888,0.68281770
2.11,-0.16824336,0.06053931,0.71566476,0.67516895
2.13,-0.16892650,0.06504768,0.72115620,0.66870500
2.15,-0.16947820,0.06853366,0.72551061,0.66348672
2.17,-0.17030513,0.07358450,0.73199112,0.65556883
2.20,-0.17112740,0.07842749,0.73841122,0.64754413
2.21,-0.17167013,0.08153874,0.74265091,0.64214517
2.23,-0.17233720,0.08533233,0.74794004,0.63529834
2.25,-0.17285741,0.08829152,0.75215702,0.62974974
2.26,-0.17336530,0.09117560,0.75634812,0.62415464
2.28,-0.17386098,0.09399417,0.76051978,0.61850394
2.30,-0.17458257,0.09809284,0.76673112,0.60993615
2.33,-0.17528504,0.10202768,0.77287955,0.60126758
2.34,-0.17574355,0.10455827,0.77693951,0.59543831
2.36,-0.17630446,0.10764063,0.78198338,0.58807501
2.38,-0.17674565,0.11003111,0.78598646,0.58213350
2.40,-0.17730392,0.11291911,0.79094133,0.57465155
2.42,-0.17807022,0.11619541,0.79678297,0.56562047
2.45,-0.17893155,0.11928831,0.80252328,0.55651611
2.46,-0.17954719,0.12126133,0.80629745,0.55040250
2.48,-0.18019079,0.12317766,0.81003832,0.54423934
2.50,-0.18103097,0.12551792,0.81468912,0.53642770
2.52,-0.18190636,0.12777726,0.81927460,0.52855669
2.54,-0.18280872,0.12996685,0.82379692,0.52062292
2.56,-0.18392383,0.13250525,0.82913129,0.51103393
2.58,-0.18468352,0.13414726,0.83263211,0.50459912
2.60,-0.18545350,0.13575524,0.83608922,0.49812884
2.62,-0.18642673,0.13776068,0.84038013,0.48992684
2.64,-0.18741341,0.13972203,0.84459509,0.48167739
2.65,-0.18821027,0.14126293,0.84791499,0.47503879
2.67,-0.18901394,0.14278030,0.85118928,0.46836345
2.69,-0.19003107,0.14463916,0.85520734,0.45998708
2.70,-0.19085768,0.14608360,0.85834220,0.45330077
2.72,-0.19190123,0.14785401,0.86219274,0.44490088
2.74,-0.19276776,0.14925559,0.86522652,0.43811690
2.77,-0.19442590,0.15162363,0.87038766,0.42618559
2.79,-0.19568968,0.15326880,0.87396650,0.41760840
2.81,-0.19699640,0.15488961,0.87746100,0.40897899
2.82,-0.19806126,0.15617401,0.88019690,0.40203835
2.84,-0.19940297,0.15777725,0.88356332,0.39326920
2.86,-0.20073825,0.15939078,0.88686805,0.38440058
2.88,-0.20205730,0.16101341,0.89010186,0.37545467
2.91,-0.20360954,0.16296418,0.89387425,0.36465690
2.93,-0.20487674,0.16459315,0.89692313,0.35561709
2.95,-0.20611176,0.16622866,0.89988865,0.34653484
2.96,-0.20707547,0.16754145,0.90219925,0.33924346
2.99,-0.20870195,0.16988272,0.90613353,0.32635162
3.02,-0.21003462,0.17191810,0.90937549,0.31522347
3.04,-0.21113814,0.17361668,0.91197114,0.30591922
3.06,-0.21230589,0.17529810,0.91445217,0.29660415
3.08,-0.21353320,0.17695781,0.91681994,0.28728156
3.10,-0.21480739,0.17859881,0.91907555,0.27795751
3.11,-0.21584863,0.17991795,0.92081161,0.27045310
3.13,-0.21690583,0.18123390,0.92248563,0.26291899
3.15,-0.21824283,0.18286440,0.92448368,0.25349674
3.16,-0.21931755,0.18415537,0.92600892,0.24595548
3.18,-0.22066432,0.18575176,0.92782452,0.23652739
3.20,-0.22201466,0.18732504,0.92953886,0.22710423
3.22,-0.22336722,0.18887264,0.93115291,0.21768894
3.24,-0.22471818,0.19039483,0.93266827,0.20828214
3.26,-0.22605841,0.19189045,0.93409652,0.19884504
3.28,-0.22738738,0.19335395,0.93543020,0.18941905
3.30,-0.22843530,0.19450213,0.93643168,0.18188442
3.32,-0.22946612,0.19563251,0.93737601,0.17435437
3.34,-0.23072708,0.19702182,0.93847491,0.16496138
3.36,-0.23194979,0.19839114,0.93948709,0.15557716
3.38,-0.23313129,0.19974306,0.94041361,0.14620109
3.39,-0.23404470,0.20081343,0.94109551,0.13869497
3.41,-0.23517274,0.20214314,0.94186984,0.12927929
3.43,-0.23634171,0.20346254,0.94253497,0.11988919
3.46,-0.23777279,0.20504158,0.94319523,0.10864998
3.48,-0.23919452,0.20662340,0.94371275,0.09746282
3.50,-0.24034105,0.20795585,0.94404653,0.08812886
3.52,-0.24145388,0.20930680,0.94428753,0.07881460
3.54,-0.24231380,0.21040570,0.94441473,0.07137426
3.56,-0.24334715,0.21180271,0.94449297,0.06208710
3.58,-0.24433500,0.21323341,0.94448012,0.05281304
3.60,-0.24527834,0.21470525,0.94437447,0.04355525
3.62,-0.24617958,0.21622867,0.94417382,0.03430129
3.63,-0.24687178,0.21747826,0.94394497,0.02693365
3.65,-0.24753515,0.21876299,0.94365564,0.01957409
3.66,-0.24816790,0.22008393,0.94330609,0.01222161
3.68,-0.24890768,0.22178851,0.94278607,0.00304058
3.71,0.24971095,-0.22390846,-0.94204381,0.00793188
3.73,0.25030672,-0.22574366,-0.94132642,0.01705643
3.75,0.25086349,-0.22765071,-0.94050925,0.02617269
3.77,0.25154990,-0.23002605,-0.93938166,0.03705075
3.79,0.25200300,-0.23166126,-0.93854523,0.04427645
3.81,0.25254060,-0.23375977,-0.93741084,0.05329669
3.83,0.25311039,-0.23635091,-0.93592924,0.06410797
3.85,0.25349800,-0.23856923,-0.93460071,0.07310952
3.87,0.25379571,-0.24083904,-0.93318660,0.08214058
3.89,0.25396745,-0.24268559,-0.93199702,0.08936326
3.91,0.25409533,-0.24502645,-0.93043930,0.09838859
3.93,0.25411411,-0.24787421,-0.92847116,0.10920487
3.95,0.25404371,-0.24979029,-0.92710034,0.11641119
3.96,0.25391003,-0.25171692,-0.92568293,0.12360986
3.99,0.25358445,-0.25463517,-0.92346502,0.13441806
4.00,0.25328702,-0.25659034,-0.92192792,0.14161919
4.02,0.25283224,-0.25903539,-0.91994288,0.15060420
4.04,0.25228939,-0.26147569,-0.91788856,0.15956538
4.06,0.25166328,-0.26390585,-0.91576679,0.16849476
4.08,0.25112468,-0.26583992,-0.91401650,0.17561140
4.10,0.25046754,-0.26825626,-0.91174660,0.18445252
4.12,0.24981203,-0.27066720,-0.90938084,0.19328660
4.14,0.24928620,-0.27258537,-0.90742807,0.20031950
4.16,0.24861581,-0.27495923,-0.90492060,0.20906055
4.18,0.24792824,-0.27729919,-0.90234319,0.21774643
4.20,0.24722439,-0.27959857,-0.89970043,0.22637109
4.22,0.24621849,-0.28274309,-0.89589662,0.23833179
4.24,0.24548772,-0.28493738,-0.89310588,0.24679618
4.26,0.24489902,-0.28666086,-0.89083114,0.25351509
4.28,0.24430356,-0.28835491,-0.88852065,0.26018891
4.30,0.24354585,-0.29043076,-0.88558261,0.26847501
4.32,0.24262128,-0.29285931,-0.88198489,0.27833610
4.34,0.24184086,-0.29483165,-0.87892845,0.28648223
4.36,0.24087747,-0.29714154,-0.87518509,0.29620264
4.38,0.24024316,-0.29865944,-0.87263712,0.30263876
4.40,0.23950724,-0.30055428,-0.86938070,0.31061327
4.42,0.23894772,-0.30206471,-0.86672142,0.31694617
4.43,0.23840350,-0.30356630,-0.86401877,0.32323805
4.45,0.23773595,-0.30542728,-0.86058314,0.33104750
4.48,0.23679670,-0.30800584,-0.85567551,0.34187592
4.50,0.23609858,-0.30984457,-0.85209767,0.34954736
4.52,0.23522896,-0.31202056,-0.84773463,0.35868720
4.54,0.23446829,-0.31380228,-0.84404712,0.36624748
4.56,0.23366964,-0.31554840,-0.84031550,0.37376138
4.58,0.23283444,-0.31724828,-0.83654089,0.38123613
4.60,0.23195824,-0.31889520,-0.83272540,0.38867677
4.62,0.23122786,-0.32016940,-0.82965199,0.39459195
4.64,0.23007903,-0.32199892,-0.82500218,0.40342502
4.66,0.22927764,-0.32315888,-0.82187746,0.40928907
4.68,0.22845113,-0.32426862,-0.81873360,0.41513279
4.70,0.22716711,-0.32584003,-0.81398631,0.42385100
4.72,0.22605792,-0.32705912,-0.80999857,0.43108289
4.74,0.22491456,-0.32819796,-0.80598687,0.43827470
4.76,0.22376610,-0.32928394,-0.80193476,0.44542279
4.78,0.22264860,-0.33034470,-0.79782861,0.45251464
4.80,0.22154486,-0.33137197,-0.79367290,0.45955828
4.82,0.22043655,-0.33235864,-0.78947845,0.46655037
4.84,0.21930472,-0.33329908,-0.78525033,0.47349665
4.86,0.21836648,-0.33401430,-0.78183147,0.47905124
4.88,0.21687829,-0.33501972,-0.77662215,0.48742552
4.90,0.21558181,-0.33579873,-0.77224281,0.49437308
4.92,0.21450510,-0.33638530,-0.76870942,0.49991832
4.93,0.21339199,-0.33693990,-0.76514726,0.50545527
4.96,0.21166238,-0.33771383,-0.75974955,0.51374023
4.98,0.21016904,-0.33831168,-0.75518543,0.52064301
5.00,0.20863069,-0.33887028,-0.75056753,0.52753061
5.01,0.20737391,-0.33928816,-0.74683963,0.53301986
5.04,0.20544892,-0.33987092,-0.74119206,0.54121422
5.06,0.20381852,-0.34031954,-0.73643589,0.54799890
5.07,0.20249820,-0.34065430,-0.73259618,0.55340037
5.09,0.20084614,-0.34106098,-0.72774727,0.56010906
5.11,0.19923611,-0.34149936,-0.72283191,0.56674261
5.13,0.19796806,-0.34186733,-0.71885283,0.57200174
5.15,0.19639100,-0.34233832,-0.71382000,0.57852921
5.17,0.19449510,-0.34290741,-0.70769823,0.58630145
5.19,0.19290090,-0.34338332,-0.70251981,0.59274198
5.21,0.19161150,-0.34376141,-0.69833131,0.59786830
5.23,0.18965759,-0.34431433,-0.69197994,0.60550921
5.25,0.18834350,-0.34467213,-0.68770082,0.61056976
5.27,0.18668162,-0.34511017,-0.68229953,0.61686004
5.29,0.18499173,-0.34553322,-0.67683797,0.62311734
5.30,0.18361931,-0.34586335,-0.67242440,0.62809866
5.32,0.18222698,-0.34619046,-0.66796435,0.63306329
5.35,0.17973841,-0.34675649,-0.66005519,0.64170179
5.37,0.17789678,-0.34714723,-0.65429621,0.64787191
5.39,0.17601928,-0.34753705,-0.64846555,0.65400889
5.41,0.17410617,-0.34792733,-0.64256179,0.66011208
5.43,0.17217839,-0.34834309,-0.63658262,0.66616384
5.45,0.17027646,-0.34883274,-0.63051547,0.67213978
5.47,0.16801662,-0.34949780,-0.62313007,0.67921324
5.49,0.16612408,-0.35009674,-0.61687338,0.68505642
5.52,0.16383654,-0.35084890,-0.60926752,0.69199402
5.54,0.16191696,-0.35148607,-0.60286788,0.69770392
5.56,0.15998606,-0.35211926,-0.59641637,0.70335197
5.59,0.15686636,-0.35308874,-0.58598790,0.71227766
5.60,0.15528729,-0.35353012,-0.58070574,0.71671693
5.63,0.15290303,-0.35412956,-0.57272019,0.72332876
5.65,0.15090379,-0.35456560,-0.56602098,0.72878771
5.67,0.14889417,-0.35493405,-0.55929123,0.73419729
5.68,0.14728245,-0.35517685,-0.55388919,0.73848768
5.70,0.14566730,-0.35537178,-0.54846784,0.74274825
5.72,0.14364859,-0.35554792,-0.54166594,0.74802993
5.74,0.14162453,-0.35564111,-0.53483262,0.75327018
5.77,0.13881085,-0.35567467,-0.52521074,0.76051348
5.79,0.13645831,-0.35569015,-0.51689210,0.76660694
5.81,0.13452458,-0.35567324,-0.50991818,0.77161074
5.84,0.13222326,-0.35559027,-0.50150584,0.77753744
5.86,0.13030738,-0.35544834,-0.49445894,0.78242369
5.88,0.12838831,-0.35522858,-0.48739009,0.78726107
5.90,0.12645972,-0.35492211,-0.48030129,0.79205360
5.91,0.12490227,-0.35460756,-0.47460533,0.79586600
5.93,0.12293698,-0.35412912,-0.46745281,0.80060411
5.95,0.12134816,-0.35367788,-0.46170062,0.80437499
5.97,0.11933508,-0.35302390,-0.45447257,0.80906609
5.98,0.11769118,-0.35242356,-0.44865479,0.81280705
6.00,0.11560235,-0.35157716,-0.44134238,0.81746345
6.03,0.11305669,-0.35043001,-0.43251920,0.82300919
6.05,0.11090279,-0.34936983,-0.42512298,0.82759395
6.06,0.10917158,-0.34849071,-0.41916941,0.83122368
6.08,0.10701027,-0.34738627,-0.41167642,0.83569977
6.11,0.10441160,-0.34602934,-0.40261281,0.84099039
6.12,0.10267370,-0.34509300,-0.39653269,0.84447070
6.14,0.10049304,-0.34387436,-0.38889303,0.84877193
6.16,0.09829853,-0.34258854,-0.38120759,0.85302477
6.19,0.09564084,-0.34094396,-0.37192904,0.85806691
6.21,0.09340976,-0.33949119,-0.36414850,0.86221588
6.23,0.09116305,-0.33796292,-0.35632075,0.86631743
6.24,0.08934937,-0.33667124,-0.35001539,0.86957368
6.27,0.08661011,-0.33463112,-0.34050775,0.87439989
6.29,0.08431488,-0.33284579,-0.33253946,0.87836336
6.30,0.08247247,-0.33136899,-0.32613347,0.88149296
6.33,0.07970385,-0.32908005,-0.31646882,0.88611574
6.35,0.07740005,-0.32712311,-0.30837289,0.88989093
6.37,0.07464898,-0.32482774,-0.29862332,0.89428104
6.39,0.07282669,-0.32332625,-0.29208238,0.89713115
6.41,0.07055627,-0.32146234,-0.28386762,0.90061254
6.43,0.06828896,-0.31959462,-0.27561285,0.90400965
6.45,0.06557270,-0.31732139,-0.26565735,0.90798322
6.47,0.06331413,-0.31538595,-0.25732248,0.91121247
6.50,0.06060866,-0.31299495,-0.24726824,0.91499681
6.51,0.05880663,-0.31135188,-0.24053738,0.91746583
6.54,0.05610877,-0.30880465,-0.23040043,0.92109019
6.55,0.05431569,-0.30705398,-0.22361577,0.92345203
6.57,0.05208104,-0.30480912,-0.21510576,0.92634145
6.59,0.04985539,-0.30249986,-0.20656239,0.92916105
6.61,0.04763933,-0.30013056,-0.19798700,0.93190841
6.63,0.04543355,-0.29769373,-0.18938054,0.93458507
6.66,0.04280616,-0.29469266,-0.17902944,0.93769522
6.68,0.04063253,-0.29213645,-0.17038423,0.94019919
6.70,0.03846926,-0.28953415,-0.16171083,0.94262384
6.72,0.03588671,-0.28635632,-0.15126843,0.94542586
6.74,0.03331687,-0.28320155,-0.14078102,0.94808627
6.76,0.03118332,-0.28062832,-0.13200562,0.95018412
6.79,0.02863114,-0.27758082,-0.12143543,0.95256631
6.81,0.02609441,-0.27456819,-0.11086166,0.95479897
6.83,0.02398023,-0.27207170,-0.10202182,0.95655292
6.85,0.02186521,-0.26958619,-0.09315834,0.95821017
6.87,0.02016869,-0.26759528,-0.08604122,0.95947011
6.89,0.01762312,-0.26460246,-0.07532992,0.96124938
6.91,0.01550764,-0.26210064,-0.06637889,0.96263005
6.93,0.01381886,-0.26009484,-0.05920297,0.96366733
6.95,0.01170965,-0.25758526,-0.05021695,0.96487874
6.96,0.01002605,-0.25557775,-0.04301852,0.96577891
6.99,0.00750941,-0.25258620,-0.03220701,0.96700906
7.01,0.00541288,-0.25018047,-0.02318799,0.96790637
7.03,0.00289803,-0.24738223,-0.01235623,0.96883485
7.05,0.00080432,-0.24510651,-0.00332413,0.96949012
7.07,-0.00086886,-0.24331187,0.00390314,0.96993987
7.09,-0.00336232,-0.24065951,0.01470475,0.97049238
7.11,-0.00543008,-0.23848068,0.02370137,0.97084279
7.14,-0.00790125,-0.23589621,0.03449325,0.97113375
7.15,-0.00954609,-0.23418027,0.04169148,0.97125192
7.17,-0.01159491,-0.23203733,0.05068834,0.97131608
7.19,-0.01363578,-0.22988497,0.05968280,0.97129034
7.21,-0.01526369,-0.22814516,0.06687801,0.97120757
7.23,-0.01729492,-0.22594290,0.07586746,0.97102771
7.25,-0.01972356,-0.22325740,0.08663238,0.97070178
7.27,-0.02133598,-0.22143534,0.09380411,0.97041844
7.28,-0.02293989,-0.21958751,0.10096355,0.97008322
7.30,-0.02492916,-0.21723669,0.10989539,0.96959258
7.32,-0.02650886,-0.21532167,0.11703228,0.96914256
7.34,-0.02847081,-0.21288904,0.12594346,0.96850705
7.36,-0.03002431,-0.21093325,0.13304211,0.96793879
7.38,-0.03196717,-0.20852023,0.14190382,0.96714049
7.40,-0.03431319,-0.20568097,0.15251814,0.96605184
7.42,-0.03627864,-0.20334529,0.16133876,0.96504112
7.44,-0.03785472,-0.20148146,0.16837721,0.96416874
7.46,-0.03983135,-0.19914077,0.17716427,0.96300012
7.47,-0.04141862,-0.19725540,0.18418321,0.96200382
7.50,-0.04380791,-0.19438702,0.19471765,0.96040595
7.51,-0.04540760,-0.19244873,0.20173251,0.95927349
7.53,-0.04741061,-0.19000005,0.21048661,0.95778265
7.56,-0.04981923,-0.18702433,0.22096334,0.95588448
7.57,-0.05143247,-0.18501489,0.22793722,0.95455163
7.60,-0.05385824,-0.18196666,0.23836939,0.95245339
7.61,-0.05547615,-0.17991430,0.24530070,0.95098938
7.63,-0.05750400,-0.17732739,0.25394115,0.94908492
7.65,-0.05913391,-0.17523984,0.26084267,0.94749949
7.67,-0.06158378,-0.17208724,0.27115379,0.94502330
7.69,-0.06363342,-0.16945675,0.27970729,0.94286745
7.71,-0.06571453,-0.16688853,0.28820996,0.94061939
7.73,-0.06740432,-0.16488317,0.29498161,0.93875239
7.74,-0.06911090,-0.16290234,0.30174135,0.93682371
7.76,-0.07126425,-0.16045342,0.31014964,0.93433576
7.79,-0.07387198,-0.15753958,0.32017778,0.93124132
7.80,-0.07561946,-0.15560260,0.32682711,0.92911440
7.82,-0.07736820,-0.15366548,0.33344768,0.92693782
7.84,-0.07955087,-0.15124122,0.34168049,0.92414944
7.86,-0.08172327,-0.14879807,0.34987964,0.92128425
7.88,-0.08388227,-0.14632700,0.35805351,0.91834082
7.90,-0.08602408,-0.14383777,0.36618058,0.91532636
7.92,-0.08814269,-0.14133258,0.37425172,0.91224537
7.94,-0.08982068,-0.13932131,0.38066882,0.90973242
7.95,-0.09148437,-0.13730894,0.38705327,0.90717508
7.98,-0.09395237,-0.13429216,0.39656805,0.90325653
8.00,-0.09681397,-0.13081969,0.40757516,0.89855203
8.02,-0.09887878,-0.12842805,0.41535812,0.89510159
8.05,-0.10136615,-0.12562530,0.42462008,0.89086530
8.06,-0.10302467,-0.12377833,0.43075571,0.88798331
8.08,-0.10508853,-0.12147461,0.43837885,0.88432138
8.11,-0.10754022,-0.11869489,0.44746298,0.87984289
8.12,-0.10915261,-0.11681880,0.45348581,0.87680654
8.15,-0.11153536,-0.11396129,0.46246188,0.87218214
8.17,-0.11387354,-0.11103946,0.47136699,0.86747693
8.19,-0.11578652,-0.10855081,0.47873561,0.86349431
8.22,-0.11804010,-0.10550608,0.48750164,0.85864844
8.23,-0.11952023,-0.10343637,0.49330755,0.85537330
8.25,-0.12098515,-0.10133549,0.49908381,0.85206166
8.27,-0.12279513,-0.09866279,0.50626044,0.84787226
8.29,-0.12457992,-0.09593869,0.51338296,0.84363117
8.30,-0.12599279,-0.09372252,0.51904578,0.84019842
8.32,-0.12774503,-0.09091679,0.52608058,0.83585559
8.34,-0.12952744,-0.08813369,0.53305033,0.83145201
8.37,-0.13170695,-0.08482319,0.54135020,0.82607401
8.38,-0.13317707,-0.08261599,0.54684049,0.82243781
8.40,-0.13502524,-0.07984197,0.55365474,0.81783854
8.42,-0.13687994,-0.07704320,0.56040803,0.81318575
8.44,-0.13836642,-0.07477801,0.56577322,0.80942180
8.46,-0.14022499,-0.07191156,0.57243207,0.80466590
8.48,-0.14245438,-0.06841225,0.58035034,0.79888672
8.51,-0.14467980,-0.06484681,0.58818615,0.79303197
8.52,-0.14615895,-0.06242736,0.59336890,0.78908411
8.54,-0.14763213,-0.05997175,0.59851988,0.78510005
8.56,-0.14946057,-0.05684294,0.60491419,0.78007002
8.58,-0.15127191,-0.05364258,0.61126069,0.77498364
8.61,-0.15377466,-0.04903863,0.62006206,0.76777054
8.63,-0.15553588,-0.04566804,0.62628167,0.76255773
8.65,-0.15761043,-0.04153062,0.63368393,0.75622671
8.67,-0.15933483,-0.03803907,0.63979511,0.75088458
8.69,-0.16074208,-0.03524580,0.64463750,0.74656695
8.71,-0.16252372,-0.03174093,0.65063450,0.74111625
8.72,-0.16395934,-0.02891907,0.65539158,0.73671087
8.74,-0.16539497,-0.02607994,0.66011095,0.73226899
8.76,-0.16682768,-0.02321241,0.66480267,0.72778233
8.78,-0.16860778,-0.01958607,0.67062757,0.72211251
8.80,-0.17071531,-0.01517453,0.67754922,0.71522938
8.82,-0.17243865,-0.01144691,0.68326107,0.70942807
8.84,-0.17412704,-0.00767445,0.68891806,0.70357145
8.86,-0.17577904,-0.00386269,0.69452233,0.69765718
8.88,-0.17707325,-0.00079010,0.69896868,0.69288326
8.90,-0.17865650,0.00308112,0.70447961,0.68686304
8.92,-0.18020067,0.00698936,0.70994887,0.68077270
8.93,-0.18140184,0.01013815,0.71428504,0.67586055
8.95,-0.18286475,0.01409398,0.71965405,0.66967148
8.97,-0.18433406,0.01802694,0.72494954,0.66343361
9.00,-0.18612377,0.02269029,0.73121791,0.65586848
9.02,-0.18762186,0.02655052,0.73636189,0.64951079
9.04,-0.18910971,0.03039006,0.74142609,0.64311843
9.06,-0.19057732,0.03421141,0.74640702,0.63669963
9.08,-0.19203057,0.03802018,0.75132097,0.63023451
9.10,-0.19374835,0.04257824,0.75712977,0.62241721
9.12,-0.19515398,0.04635369,0.76189220,0.61586244
9.14,-0.19680639,0.05087026,0.76752529,0.60793453
9.16,-0.19815369,0.05461973,0.77215263,0.60127541
9.19,-0.19972271,0.05909392,0.77760733,0.59325001
9.20,-0.20074587,0.06206567,0.78119647,0.58786140
9.22,-0.20175145,0.06502818,0.78474825,0.58244130
9.24,-0.20273807,0.06797773,0.78826152,0.57699226
9.25,-0.20370629,0.07091681,0.79173420,0.57151685
9.27,-0.20465744,0.07384502,0.79517008,0.56600954
9.28,-0.20559111,0.07675956,0.79856887,0.56047126
9.30,-0.20677066,0.08036391,0.80275195,0.55351317
9.32,-0.20800027,0.08389948,0.80684611,0.54653099
9.34,-0.20926616,0.08738597,0.81086600,0.53950690
9.37,-0.21081847,0.09151707,0.81558684,0.53103513
9.38,-0.21185869,0.09424548,0.81867886,0.52535570
9.41,-0.21340544,0.09831096,0.82324188,0.51678417
9.43,-0.21466814,0.10167641,0.82697960,0.50959223
9.45,-0.21589729,0.10501884,0.83066072,0.50235662
9.47,-0.21731265,0.10900359,0.83500638,0.49361703
9.49,-0.21821520,0.11164580,0.83786058,0.48775710
9.50,-0.21908147,0.11427624,0.84068216,0.48186902
9.52,-0.21991005,0.11689348,0.84347107,0.47595381
9.54,-0.22088893,0.12014276,0.84691126,0.46852440
9.56,-0.22162271,0.12272555,0.84962923,0.46254944
9.58,-0.22263599,0.12657147,0.85364963,0.45353632
9.60,-0.22339504,0.12974369,0.85694745,0.44598463
9.62,-0.22407431,0.13288627,0.86021094,0.43837093
9.64,-0.22472566,0.13597995,0.86341533,0.43072241
9.66,-0.22526509,0.13840586,0.86592623,0.42458358
9.68,-0.22623631,0.14255642,0.87021079,0.41379702
9.70,-0.22693866,0.14545869,0.87318715,0.40606012
9.72,-0.22763726,0.14831611,0.87609658,0.39829435
9.74,-0.22819458,0.15056676,0.87836603,0.39208417
9.76,-0.22888807,0.15334287,0.88114122,0.38429984
9.78,-0.22943455,0.15553832,0.88331455,0.37805162
9.80,-0.23009894,0.15825678,0.88597467,0.37021367
9.81,-0.23061359,0.16041229,0.88806121,0.36391284
9.83,-0.23123057,0.16308237,0.89061541,0.35600668
9.85,-0.23170482,0.16519817,0.89261560,0.34965673
9.87,-0.23226153,0.16782209,0.89507196,0.34166727
9.88,-0.23268029,0.16990200,0.89699398,0.33525362
9.90,-0.23307695,0.17196571,0.89887836,0.32881702
9.92,-0.23364125,0.17502656,0.90163077,0.31912290
9.95,-0.23427523,0.17802663,0.90426596,0.30939409
9.97,-0.23501415,0.18096514,0.90677537,0.29963042
9.99,-0.23569017,0.18337499,0.90877442,0.29146665
10.01,-0.23626345,0.18528135,0.91031243,0.28492400
10.02,-0.23685846,0.18717282,0.91179688,0.27837180
10.04,-0.23747080,0.18905117,0.91322716,0.27181507
10.06,-0.23809711,0.19091868,0.91460565,0.26524766
10.07,-0.23873308,0.19277578,0.91593355,0.25866919
10.09,-0.23954000,0.19508477,0.91752229,0.25043035
10.11,-0.24035501,0.19738670,0.91903131,0.24217640
10.13,-0.24100568,0.19922389,0.92018234,0.23556437
10.14,-0.24164710,0.20105736,0.92128735,0.22893718
10.16,-0.24243022,0.20334791,0.92260716,0.22062014
10.19,-0.24333748,0.20609588,0.92410213,0.21058635
10.20,-0.24391788,0.20792401,0.92504421,0.20387466
10.22,-0.24447410,0.20975019,0.92594361,0.19714389
10.24,-0.24512095,0.21202497,0.92701696,0.18868145
10.26,-0.24560132,0.21384222,0.92782891,0.18189287
10.27,-0.24608439,0.21565542,0.92858932,0.17509166
10.29,-0.24672124,0.21791534,0.92945825,0.16658001
10.31,-0.24724070,0.21971887,0.93009021,0.15977437
10.33,-0.24801578,0.22242990,0.93093996,0.14954564
10.35,-0.24864009,0.22469711,0.93156240,0.14099931
10.37,-0.24923096,0.22697233,0.93210984,0.13243392
10.39,-0.24977490,0.22926040,0.93258480,0.12384568
10.41,-0.25026123,0.23156044,0.93299111,0.11522442
10.43,-0.25067174,0.23387402,0.93333291,0.10656598
10.45,-0.25099159,0.23620224,0.93361204,0.09787892
10.47,-0.25121376,0.23854658,0.93383055,0.08914975
10.49,-0.25131497,0.24043197,0.93396399,0.08212509
10.51,-0.25133918,0.24279979,0.93407939,0.07329787
10.54,-0.25119072,0.24613056,0.93414098,0.06085715
10.56,-0.25096667,0.24851544,0.93410954,0.05191512
10.58,-0.25065661,0.25090284,0.93401089,0.04292663
10.60,-0.25028297,0.25329426,0.93383727,0.03388818
10.62,-0.24984183,0.25617881,0.93350080,0.02297262
10.64,-0.24957722,0.25810615,0.93319138,0.01569293
10.66,-0.24925550,0.26051943,0.93271544,0.00657468
10.67,0.24899462,-0.26245005,-0.93226666,0.00073158
10.69,0.24866576,-0.26485505,-0.93162211,0.00986859
10.71,0.24840638,-0.26676723,-0.93103951,0.01717405
10.73,0.24807913,-0.26912917,-0.93023507,0.02624788
10.74,0.24781667,-0.27099792,-0.92952904,0.03350812
10.76,0.24748402,-0.27330581,-0.92857049,0.04257266
10.78,0.24714558,-0.27557684,-0.92752962,0.05162627
10.80,0.24686834,-0.27736631,-0.92663878,0.05886012
10.82,0.24658505,-0.27913224,-0.92569601,0.06609013
10.84,0.24621641,-0.28130413,-0.92444687,0.07512287
10.85,0.24590742,-0.28301434,-0.92338977,0.08236355
10.88,0.24541349,-0.28553286,-0.92170667,0.09327389
10.90,0.24498323,-0.28758099,-0.92021883,0.10236064
10.91,0.24462583,-0.28918461,-0.91897360,0.10962658
10.93,0.24425361,-0.29075565,-0.91768011,0.11689540
10.95,0.24376421,-0.29267000,-0.91599839,0.12597714
10.97,0.24325173,-0.29453102,-0.91424456,0.13504428
10.99,0.24276966,-0.29635192,-0.91240164,0.14408913
11.00,0.24242498,-0.29778627,-0.91085588,0.15131108
11.03,0.24194053,-0.29989779,-0.90843227,0.16210153
11.05,0.24154515,-0.30161385,-0.90632404,0.17106067
11.06,0.24122373,-0.30295624,-0.90458297,0.17820850
11.08,0.24080317,-0.30459600,-0.90234167,0.18712195
11.11,0.24025792,-0.30650407,-0.89956030,0.19779448
11.12,0.23986367,-0.30773654,-0.89765224,0.20490020
11.14,0.23932448,-0.30923437,-0.89521386,0.21375229
11.16,0.23873486,-0.31068202,-0.89271240,0.22259139
11.19,0.23795669,-0.31235039,-0.88962892,0.23318284
11.21,0.23710228,-0.31394340,-0.88645735,0.24375277
11.23,0.23634176,-0.31521810,-0.88374647,0.25253178
11.26,0.23537321,-0.31668648,-0.88040915,0.26303775
11.27,0.23469432,-0.31762457,-0.87813353,0.27002724
11.29,0.23380381,-0.31874802,-0.87523314,0.27875155
11.31,0.23287502,-0.31982203,-0.87226632,0.28746227
11.34,0.23178495,-0.32108331,-0.86859245,0.29787313
11.36,0.23087971,-0.32210656,-0.86543714,0.30652973
11.38,0.22995612,-0.32309424,-0.86220447,0.31517258
11.39,0.22919632,-0.32385307,-0.85956752,0.32207441
11.41,0.22821597,-0.32475886,-0.85620664,0.33069523
11.43,0.22719779,-0.32561056,-0.85277474,0.33931425
11.46,0.22592204,-0.32655588,-0.84857392,0.34963236
11.48,0.22481945,-0.32728133,-0.84500484,0.35820381
11.50,0.22368853,-0.32795021,-0.84137123,0.36675136
11.51,0.22276889,-0.32844591,-0.83841912,0.37356484
11.53,0.22160424,-0.32901829,-0.83467254,0.38204748
11.56,0.22019480,-0.32963717,-0.83009319,0.39217201
11.58,0.21878614,-0.33018379,-0.82543907,0.40219601
11.60,0.21762443,-0.33059118,-0.82148897,0.41049354
11.63,0.21610727,-0.33115129,-0.81581904,0.42199024
11.64,0.21531356,-0.33147808,-0.81250413,0.42848500
11.67,0.21419363,-0.33196257,-0.80743848,0.43813815
11.69,0.21331375,-0.33235354,-0.80313413,0.44610978
11.71,0.21247233,-0.33272704,-0.79875881,0.45401827
11.72,0.21182142,-0.33301117,-0.79519839,0.46032028
11.74,0.21119089,-0.33328635,-0.79160143,0.46656810
11.76,0.21041986,-0.33361012,-0.78704599,0.47432729
11.78,0.20965983,-0.33390729,-0.78242730,0.48203341
11.80,0.20905370,-0.33412642,-0.77868581,0.48816441
11.82,0.20814331,-0.33441781,-0.77300421,0.49729829
11.84,0.20737571,-0.33462229,-0.76820831,0.50485565
11.86,0.20659333,-0.33479100,-0.76335766,0.51236635
11.88,0.20595499,-0.33489955,-0.75943882,0.51834111
11.89,0.20530587,-0.33498571,-0.75548603,0.52428516
11.92,0.20413522,-0.33508463,-0.74848776,0.53461497
11.94,0.20344733,-0.33511386,-0.74444938,0.54046555
11.96,0.20260956,-0.33515930,-0.73934320,0.54771273
11.98,0.20149986,-0.33526934,-0.73207275,0.55772911
12.00,0.20087812,-0.33534763,-0.72785855,0.56339318
12.02,0.20009788,-0.33545741,-0.72253288,0.57041687
12.04,0.19930437,-0.33557301,-0.71714386,0.57738480
12.06,0.19865328,-0.33566631,-0.71278836,0.58292175
12.07,0.19798246,-0.33575708,-0.70839546,0.58842671
12.09,0.19728699,-0.33584356,-0.70396641,0.59390086
12.11,0.19618851,-0.33595874,-0.69725497,0.60206087
12.13,0.19541588,-0.33602234,-0.69273677,0.60746802
12.14,0.19460966,-0.33607600,-0.68818885,0.61284264
12.16,0.19355544,-0.33612627,-0.68246081,0.61951809
12.18,0.19267563,-0.33615251,-0.67784290,0.62482525
12.20,0.19176563,-0.33616593,-0.67319257,0.63010331
12.22,0.19010105,-0.33615799,-0.66497529,0.63927088
12.24,0.18885549,-0.33612308,-0.65904086,0.64577088
12.27,0.18730247,-0.33605016,-0.65185600,0.65350734
12.28,0.18625039,-0.33600211,-0.64703143,0.65860739
12.31,0.18469456,-0.33598782,-0.63972779,0.66614447
12.32,0.18366389,-0.33601012,-0.63480944,0.67110487
12.34,0.18237104,-0.33606210,-0.62861187,0.67723717
12.36,0.18106289,-0.33613101,-0.62235551,0.68330504
12.39,0.17946482,-0.33621901,-0.61478073,0.69050258
12.41,0.17782419,-0.33629790,-0.60713714,0.69761506
12.44,0.17613072,-0.33635194,-0.59944118,0.70463864
12.46,0.17438056,-0.33635973,-0.59169525,0.71158294
12.48,0.17318163,-0.33632965,-0.58650334,0.71617339
12.50,0.17133972,-0.33622604,-0.57868789,0.72299037
12.52,0.17007561,-0.33611250,-0.57345350,0.72749828
12.53,0.16878232,-0.33596127,-0.56819966,0.73197793
12.55,0.16745918,-0.33577087,-0.56292717,0.73642946
12.57,0.16576496,-0.33547966,-0.55631856,0.74194679
12.58,0.16437987,-0.33520671,-0.55101334,0.74632434
12.60,0.16296929,-0.33489820,-0.54568706,0.75067292
12.62,0.16118166,-0.33448473,-0.53899516,0.75605863
12.64,0.15939946,-0.33409863,-0.53226571,0.76135611
12.66,0.15796855,-0.33380156,-0.52685462,0.76553685
12.67,0.15652167,-0.33350214,-0.52141547,0.76967733
12.69,0.15468202,-0.33311150,-0.51457838,0.77480275
12.72,0.15241483,-0.33260290,-0.50633458,0.78087792
12.74,0.15046521,-0.33212752,-0.49942436,0.78589239
12.76,0.14845597,-0.33160063,-0.49247405,0.79086735
12.77,0.14680378,-0.33114048,-0.48688595,0.79481866
12.79,0.14511259,-0.33064762,-0.48127155,0.79874413
12.81,0.14250027,-0.32984879,-0.47280177,0.80458184
12.83,0.14070816,-0.32927277,-0.46712331,0.80844077
12.85,0.13841181,-0.32849815,-0.46000019,0.81322258
12.86,0.13653335,-0.32783261,-0.45427393,0.81701874
12.88,0.13413357,-0.32695177,-0.44708030,0.82172376
12.90,0.13167507,-0.32602170,-0.43984915,0.82638021
12.92,0.12917925,-0.32510086,-0.43257459,0.83096412
12.94,0.12665584,-0.32422303,-0.42524597,0.83546609
12.96,0.12461352,-0.32354493,-0.41934512,0.83901122
12.98,0.12202568,-0.32271312,-0.41191468,0.84338145
13.00,0.11992113,-0.32204959,-0.40590516,0.84684354
13.01,0.11778692,-0.32139053,-0.39986444,0.85026043
13.03,0.11562234,-0.32073468,-0.39379331,0.85363199
13.05,0.11231578,-0.31975351,-0.38462669,0.85860652
13.07,0.11006769,-0.31909688,-0.37847474,0.86186957
13.09,0.10721162,-0.31827195,-0.37074845,0.86588349
13.11,0.10430966,-0.31744305,-0.36298642,0.86982197
13.13,0.10136667,-0.31660710,-0.35519109,0.87368417
13.15,0.09778482,-0.31559162,-0.34578887,0.87821985
13.17,0.09476166,-0.31473439,-0.33791571,0.88191579
13.19,0.09170360,-0.31386705,-0.33000797,0.88553524
13.21,0.08861170,-0.31298760,-0.32207091,0.88907652
13.23,0.08548604,-0.31209030,-0.31410315,0.89254187
13.26,0.08169326,-0.31098499,-0.30450099,0.89660119
13.27,0.07914285,-0.31022615,-0.29807442,0.89924845
13.30,0.07529795,-0.30908938,-0.28838996,0.90311971
13.32,0.07208961,-0.30819155,-0.28027468,0.90623792
13.34,0.06887189,-0.30731285,-0.27212349,0.90926579
13.36,0.06564357,-0.30643167,-0.26394429,0.91220829
13.38,0.06240796,-0.30553319,-0.25573474,0.91507074
13.40,0.05917017,-0.30460430,-0.24749685,0.91785643
13.42,0.05463915,-0.30323760,-0.23594833,0.92162352
13.44,0.05140466,-0.30219630,-0.22766935,0.92423029
13.47,0.04753510,-0.30086521,-0.21770361,0.92726786
13.49,0.04433119,-0.29968297,-0.20937553,0.92972402
13.50,0.04178395,-0.29868765,-0.20269792,0.93164013
13.53,0.03799344,-0.29710740,-0.19265645,0.93443415
13.55,0.03424454,-0.29542747,-0.18258636,0.93712974
13.58,0.03054406,-0.29365619,-0.17248803,0.93972389
13.60,0.02750101,-0.29211644,-0.16405217,0.94180601
13.62,0.02389464,-0.29018830,-0.15389280,0.94421226
13.64,0.02093333,-0.28859620,-0.14540691,0.94611355
13.66,0.01859389,-0.28734956,-0.13860350,0.94756191
13.67,0.01628003,-0.28611239,-0.13178851,0.94895018
13.70,0.01285958,-0.28426882,-0.12156631,0.95091929
13.72,0.01005910,-0.28273556,-0.11303623,0.95246114
13.73,0.00785621,-0.28150581,-0.10620517,0.95363160
13.75,0.00514990,-0.27995552,-0.09765742,0.95501906
13.77,0.00249545,-0.27838399,-0.08909346,0.95632551
13.79,0.00041129,-0.27711050,-0.08223642,0.95731226
13.80,-0.00163772,-0.27582371,-0.07537340,0.95824707
13.82,-0.00365427,-0.27451800,-0.06848879,0.95913284
13.84,-0.00613369,-0.27285247,-0.05985684,0.96017242
13.86,-0.00808404,-0.27149696,-0.05294609,0.96094784
13.88,-0.01095596,-0.26942402,-0.04257625,0.96201763
13.90,-0.01376244,-0.26729423,-0.03219571,0.96297862
13.92,-0.01560020,-0.26585665,-0.02527168,0.96355499
13.94,-0.01786727,-0.26409902,-0.01661197,0.96418697
13.96,-0.02010534,-0.26237217,-0.00794330,0.96472458
13.98,-0.02187701,-0.26099743,-0.00099503,0.96509106
13.99,-0.02362671,-0.25962240,0.00594679,0.96540283
14.02,-0.02620465,-0.25752900,0.01636229,0.96577658
14.03,-0.02788728,-0.25609694,0.02330998,0.96596755
14.05,-0.02954081,-0.25462342,0.03026190,0.96611514
14.07,-0.03196286,-0.25232190,0.04069142,0.96625889
14.09,-0.03353615,-0.25071397,0.04764820,0.96630610
14.10,-0.03507277,-0.24903838,0.05460841,0.96631657
14.12,-0.03694302,-0.24684647,0.06331332,0.96627815
14.15,-0.03910736,-0.24406782,0.07376426,0.96615752
14.17,-0.04117762,-0.24112914,0.08422459,0.96595412
14.19,-0.04284529,-0.23864012,0.09294459,0.96569999
14.21,-0.04445951,-0.23612352,0.10166437,0.96536697
14.23,-0.04569221,-0.23402806,0.10863872,0.96505996
14.24,-0.04686388,-0.23184302,0.11559597,0.96472284
14.26,-0.04826104,-0.22904094,0.12429025,0.96424222
14.28,-0.04959364,-0.22621535,0.13297764,0.96368254
14.30,-0.05085792,-0.22335213,0.14165929,0.96304722
14.32,-0.05181928,-0.22103011,0.14860046,0.96248551
14.34,-0.05295603,-0.21808245,0.15727291,0.96171770
14.36,-0.05422028,-0.21446521,0.16766550,0.96070449
14.38,-0.05518004,-0.21137097,0.17630588,0.95978837
14.40,-0.05605475,-0.20820142,0.18494094,0.95880492
14.42,-0.05684344,-0.20495641,0.19356920,0.95775397
14.44,-0.05740936,-0.20230574,0.20046710,0.95686441
14.46,-0.05814905,-0.19823784,0.21080770,0.95544783
14.48,-0.05866393,-0.19477036,0.21940954,0.95419207
14.51,-0.05915837,-0.19052082,0.22970570,0.95259508
14.53,-0.05946614,-0.18689520,0.23828235,0.95118635
14.55,-0.05967786,-0.18319202,0.24684599,0.94970853
14.57,-0.05978806,-0.17939524,0.25539703,0.94816406
14.59,-0.05978604,-0.17470767,0.26563811,0.94622368
14.61,-0.05967644,-0.17068842,0.27415461,0.94453345
14.63,-0.05947220,-0.16657994,0.28265426,0.94277290
14.65,-0.05920303,-0.16245904,0.29112741,0.94092874
14.67,-0.05886851,-0.15832167,0.29956758,0.93900373
14.69,-0.05845118,-0.15412680,0.30798397,0.93700281
14.71,-0.05793320,-0.14984348,0.31637670,0.93493126
14.74,-0.05716413,-0.14458331,0.32641136,0.93235377
14.76,-0.05639511,-0.14009101,0.33474157,0.93013019
14.77,-0.05569660,-0.13642233,0.34138727,0.92830037
14.79,-0.05492238,-0.13268392,0.34801528,0.92642532
14.81,-0.05361893,-0.12693989,0.35793075,0.92352415
14.83,-0.05265161,-0.12301608,0.36451984,0.92153141
14.85,-0.05133415,-0.11800882,0.37272893,0.91897327
14.88,-0.04928030,-0.11081204,0.38416041,0.91526659
14.90,-0.04733164,-0.10447885,0.39388773,0.91197387
14.92,-0.04557939,-0.09908868,0.40194983,0.90914261
14.94,-0.04371482,-0.09360249,0.40996747,0.90623080
14.96,-0.04174009,-0.08802433,0.41794302,0.90323481
14.98,-0.03969110,-0.08240944,0.42587427,0.90014688
15.00,-0.03800911,-0.07790506,0.43218722,0.89760811
15.02,-0.03584363,-0.07224838,0.44002615,0.89435585
15.04,-0.03359905,-0.06655049,0.44779292,0.89102393
15.06,-0.03126959,-0.06079911,0.45550292,0.88760508
15.08,-0.02835273,-0.05382731,0.46467028,0.88339135
15.10,-0.02529187,-0.04678237,0.47372534,0.87906543
15.12,-0.02316707,-0.04204296,0.47971878,0.87610819
15.14,-0.02042098,-0.03607318,0.48715091,0.87233348
15.16,-0.01815256,-0.03126287,0.49305785,0.86924512
15.18,-0.01522803,-0.02521550,0.50038006,0.86530462
15.19,-0.01281990,-0.02035632,0.50618775,0.86208772
15.21,-0.01035128,-0.01548352,0.51194904,0.85881389
15.22,-0.00782723,-0.01060400,0.51765920,0.85548538
15.24,-0.00459386,-0.00448922,0.52474067,0.85123791
15.26,-0.00128752,0.00161525,0.53174359,0.84690288
15.28,0.00206080,0.00766408,0.53866456,0.84248294
15.30,0.00544999,0.01365875,0.54549957,0.83798208
15.32,0.00819121,0.01841672,0.55090641,0.83432359
15.34,0.01165779,0.02431801,0.55758883,0.82967911
15.36,0.01446973,0.02901646,0.56289757,0.82589043
15.38,0.01803652,0.03486213,0.56948638,0.82106308
15.40,0.02165204,0.04065968,0.57598651,0.81616023
15.42,0.02604910,0.04754229,0.58366522,0.81018275
15.44,0.03049862,0.05432595,0.59121357,0.80410512
15.47,0.03498217,0.06099028,0.59862027,0.79794123
15.49,0.03874139,0.06644764,0.60469151,0.79273702
15.50,0.04176019,0.07074858,0.60949359,0.78852285
15.52,0.04553867,0.07603970,0.61541064,0.78320747
15.54,0.04931624,0.08123525,0.62123005,0.77784443
15.56,0.05309028,0.08633336,0.62695228,0.77243693
15.60,0.05909853,0.09426914,0.63590730,0.76370322
15.61,0.06207796,0.09813033,0.64030354,0.75929450
15.63,0.06502888,0.10191046,0.64463941,0.75486790
15.65,0.06941007,0.10744006,0.65103364,0.74819387
15.67,0.07302666,0.11193482,0.65625971,0.74260413
15.69,0.07589475,0.11546000,0.66037464,0.73811538
15.71,0.08030362,0.12079465,0.66642177,0.73132893
15.73,0.08550500,0.12682741,0.67118554,0.72533694
15.76,0.09572206,0.13816886,0.67624033,0.71724868
15.78,0.10722133,0.15054405,0.67981369,0.70971362
15.80,0.12038773,0.16437893,0.68283819,0.70158276
15.82,0.13963248,0.18405815,0.68637419,0.68957657
15.84,0.15290985,0.19726727,0.68859279,0.68084079
15.86,0.16282214,0.20691176,0.69030755,0.67390797
15.88,0.17616623,0.21955143,0.69293520,0.66377966
15.90,0.18569441,0.22828023,0.69528624,0.65573072
15.92,0.19366962,0.23532962,0.69788045,0.64813187
15.94,0.19898348,0.23985325,0.70013320,0.64240913
15.96,0.20433980,0.24419904,0.70321495,0.63568924
15.98,0.20759083,0.24665296,0.70591979,0.63067076
16.00,0.21038613,0.24849325,0.70962401,0.62483801
16.02,0.21174178,0.24900239,0.71368881,0.61952523
16.04,0.21152836,0.24796988,0.71903435,0.61380478
16.06,0.21001860,0.24596292,0.72381830,0.60949282
16.08,0.20809569,0.24376538,0.72779920,0.60628620
16.09,0.20559803,0.24110820,0.73189991,0.60325683
16.12,0.20009219,0.23559333,0.73928384,0.59826274
16.14,0.19638875,0.23203692,0.74358293,0.59554576
16.16,0.19131541,0.22729188,0.74899337,0.59223791
16.17,0.18695793,0.22330413,0.75333070,0.58963960
16.19,0.18123841,0.21816434,0.75873386,0.58641272
16.21,0.17650850,0.21397791,0.76302492,0.58382461
16.22,0.17168011,0.20975199,0.76728493,0.58120898
16.24,0.16557476,0.20446878,0.77254308,0.57788814
16.27,0.15822620,0.19818477,0.77872604,0.57382316
16.29,0.15216028,0.19304900,0.78376311,0.57034614
16.30,0.14738300,0.18903183,0.78771020,0.56750143
16.32,0.14153977,0.18414433,0.79253475,0.56386704
16.34,0.13588647,0.17943271,0.79723404,0.56013985
16.36,0.13152274,0.17580023,0.80090593,0.55708683
16.38,0.12731410,0.17229851,0.80449871,0.55397307
16.40,0.12131264,0.16730329,0.80974123,0.54919213
16.42,0.11571630,0.16263659,0.81480795,0.54428584
16.44,0.11137700,0.15901042,0.81890019,0.54010492
16.46,0.10734075,0.15562707,0.82287892,0.53584369
16.48,0.10433270,0.15309568,0.82598656,0.53237449
16.50,0.10018737,0.14958999,0.83053611,0.52706270
16.52,0.09766255,0.14744750,0.83348889,0.52346683
16.54,0.09474188,0.14496568,0.83709703,0.51891954
16.56,0.09207470,0.14269459,0.84061590,0.51432033
16.58,0.08919459,0.14024029,0.84472248,0.50874446
16.60,0.08705791,0.13842061,0.84805369,0.50404920
16.62,0.08514014,0.13679280,0.85131095,0.49930807
16.65,0.08312414,0.13508730,0.85512905,0.49355456
16.67,0.08168376,0.13387780,0.85822428,0.48872854
16.68,0.08067175,0.13303996,0.86064686,0.48484990
16.70,0.07954336,0.13212974,0.86360944,0.47999305
16.72,0.07873654,0.13150098,0.86592979,0.47610256
16.75,0.07748577,0.13059069,0.86989742,0.46927658
16.77,0.07670289,0.13007932,0.87265485,0.46440235
16.79,0.07581977,0.12957977,0.87588001,0.45857895
16.82,0.07482884,0.12911118,0.87903964,0.45279162
16.84,0.07390024,0.12872956,0.88162532,0.44800028
16.85,0.07313144,0.12844946,0.88366332,0.44417526
16.87,0.07235539,0.12819532,0.88567485,0.44035294
16.89,0.07121561,0.12788150,0.88863447,0.43463023
16.91,0.07031060,0.12768544,0.89105221,0.42985905
16.93,0.06946625,0.12755236,0.89342450,0.42508528
16.96,0.06854763,0.12747850,0.89620849,0.41935759
16.98,0.06786975,0.12749042,0.89847580,0.41458549
